<application>
  <component name="FileTypeManager" version="18">
    <extensionMap>
      <mapping ext="graphqlconfig" type="JSON" />
      <mapping ext="jsonnet" type="Jsonnet file" />
      <mapping ext="libsonnet" type="Jsonnet file" />
      <mapping ext="gradle.kts" type="Kotlin" />
      <mapping ext="main.kts" type="Kotlin" />
      <mapping pattern="check-unit-for-updates" type="Shell Script" />
      <mapping pattern="check-for-updates" type="Shell Script" />
      <removed_mapping ext="csv" approved="true" type="CSV" />
      <removed_mapping ext="ignore" approved="true" type="IgnoreLang file" />
      <removed_mapping ext="tsv" approved="true" type="TSV" />
    </extensionMap>
  </component>
</application>