<keymap version="1" name="Emacs Evil" parent="Emacs">
  <action id="$Delete">
    <keyboard-shortcut first-keystroke="delete" />
  </action>
  <action id="EditorTab">
    <keyboard-shortcut first-keystroke="tab" />
  </action>
  <action id="EmacsStyleIndent" />
  <action id="GotoSuperMethod" />
  <action id="NextTab">
    <keyboard-shortcut first-keystroke="ctrl x" second-keystroke="n" />
  </action>
  <action id="PreviousTab">
    <keyboard-shortcut first-keystroke="ctrl x" second-keystroke="p" />
  </action>
  <action id="SelectNextOccurrence">
    <keyboard-shortcut first-keystroke="alt j" />
    <keyboard-shortcut first-keystroke="ctrl d" />
  </action>
  <action id="UnselectPreviousOccurrence">
    <keyboard-shortcut first-keystroke="shift alt j" />
    <keyboard-shortcut first-keystroke="ctrl u" />
  </action>
</keymap>