<keymap version="1" name="GNOME Vim" parent="Default for GNOME">
  <action id="EditBreakpoint">
    <keyboard-shortcut first-keystroke="shift ctrl f8" />
    <keyboard-shortcut first-keystroke="shift alt f8" />
  </action>
  <action id="EditorDown">
    <keyboard-shortcut first-keystroke="down" />
    <keyboard-shortcut first-keystroke="ctrl n" />
  </action>
  <action id="EditorDuplicate" />
  <action id="EditorUp">
    <keyboard-shortcut first-keystroke="up" />
    <keyboard-shortcut first-keystroke="ctrl p" />
  </action>
  <action id="EvaluateExpression">
    <keyboard-shortcut first-keystroke="shift alt 8" />
    <keyboard-shortcut first-keystroke="alt f8" />
  </action>
  <action id="FileChooser.NewFolder">
    <keyboard-shortcut first-keystroke="alt insert" />
    <keyboard-shortcut first-keystroke="alt n" />
  </action>
  <action id="GotoClass" />
  <action id="GotoFile" />
  <action id="GotoSuperMethod" />
  <action id="NewElement">
    <keyboard-shortcut first-keystroke="alt insert" />
    <keyboard-shortcut first-keystroke="alt n" />
  </action>
  <action id="NewScratchFile">
    <keyboard-shortcut first-keystroke="shift ctrl alt insert" />
    <keyboard-shortcut first-keystroke="shift ctrl n" />
  </action>
  <action id="ParameterInfo">
    <keyboard-shortcut first-keystroke="alt p" />
  </action>
  <action id="SelectNextOccurrence">
    <keyboard-shortcut first-keystroke="alt j" />
    <keyboard-shortcut first-keystroke="ctrl d" />
  </action>
  <action id="UnselectPreviousOccurrence">
    <keyboard-shortcut first-keystroke="shift alt j" />
    <keyboard-shortcut first-keystroke="ctrl u" />
  </action>
</keymap>